<!DOCTYPE hibernate-configuration PUBLIC
"-//Hibernate/Hibernate Configuration DTD .//EM"
"http://www.hibernate.org/dtd/hibernate-configuration-3.0.dtd">
 
<hibernate-configuration>
 
    <session-factory>
        <property name="connection.url">jdbc:mysql://localhost/risidev_projeto?autoReconnectForPools=true</property>
        <property name="connection.driver_class">com.mysql.jdbc.Driver</property>
        <property name="connection.username">risidev_root</property>
        <property name="connection.password">Jesus1</property>
        <property name="dialect">org.hibernate.dialect.MySQLDialect</property>
 
        <property name="show_sql">true</property>
        <property name="format_sql">true</property>
        <property name="connection.autoReconnect">true</property> 
		<property name="connection.autoReconnectForPools">true</property> 
		<property name="connection.is-connection-validation-required">true</property>
		
		<property name="hibernate.c3p0.min_size">1</property>
		<property name="hibernate.c3p0.max_size">20</property>
		<property name="hibernate.c3p0.timeout">0</property>
		<property name="hibernate.c3p0.max_statements">50</property>
		<property name="hibernate.c3p0.idle_test_period">0</property>
        
        <mapping class="br.com.projeto.model.Produto"/>
        <mapping class="br.com.projeto.model.Postagem"/>
 
    </session-factory>
 
</hibernate-configuration>